City_ID,City,Lat,Lng,Max Temp,Humidity,Cloudiness,Wind Speed,Country,Date
0,punta arenas,-53.15,-70.9167,288.21,67,40,8.75,CL,1667520588
1,cidreira,-30.1811,-50.2056,288.42,79,0,3.21,BR,1667520589
2,provideniya,64.3833,-173.3,265.08,70,99,2.3,RU,1667520589
3,vostok,46.4856,135.8833,266.27,60,100,3.79,RU,1667520583
4,puerto ayora,-0.7393,-90.3518,292.97,80,77,5.04,EC,1667520590
5,busselton,-33.65,115.3333,289.49,78,16,5.06,AU,1667520590
6,ekhabi,53.5102,142.9671,273.93,56,68,3.75,RU,1667520590
7,north bend,43.4065,-124.2243,283.24,91,100,3.09,US,1667520591
8,leningradskiy,69.3833,178.4167,256.28,95,100,4.14,RU,1667520591
9,namatanai,-3.6667,152.4333,303.3,65,40,0.18,PG,1667520592
10,vaini,-21.2,-175.2,301.24,74,40,4.63,TO,1667520592
11,bontang,0.1333,117.5,299.63,85,100,2.35,ID,1667520592
12,kruisfontein,-34.0033,24.7314,291.42,90,56,4.4,ZA,1667520593
13,stokmarknes,68.5646,14.9108,277.14,87,40,2.57,NO,1667520593
14,mataura,-46.1927,168.8643,285.35,76,85,5.23,NZ,1667520593
15,chico,39.7285,-121.8375,289.64,29,0,5.14,US,1667520319
16,cayenne,4.9333,-52.3333,298.17,94,40,0.0,GF,1667520594
17,saskylakh,71.9167,114.0833,262.64,96,100,1.74,RU,1667520594
18,tuktoyaktuk,69.4541,-133.0374,257.92,90,100,4.61,CA,1667520595
19,dikson,73.5069,80.5464,266.86,91,100,2.58,RU,1667520595
20,vraca,43.8422,18.3955,283.05,82,29,2.45,BA,1667520595
21,sur,22.5667,59.5289,298.11,48,0,4.43,OM,1667520596
22,avarua,-21.2078,-159.775,298.18,69,75,6.69,CK,1667520596
23,airai,-8.9266,125.4092,294.47,72,99,0.86,TL,1667520596
24,pulheim,51.0,6.8,284.84,83,100,0.89,DE,1667520597
25,katsuura,35.1333,140.3,294.49,53,100,9.18,JP,1667520556
26,manono,-7.3,27.4167,293.03,95,97,0.02,CD,1667520597
27,kahului,20.8947,-156.47,306.16,59,40,11.32,US,1667520598
28,hermanus,-34.4187,19.2345,291.93,95,100,6.18,ZA,1667520598
29,ribeira grande,38.5167,-28.7,293.02,97,12,3.58,PT,1667520599
30,qaanaaq,77.484,-69.3632,259.9,53,32,4.06,GL,1667520599
31,mayo,38.8876,-76.5119,289.92,86,75,0.0,US,1667520599
32,aklavik,68.2191,-135.0107,258.23,92,100,5.2,CA,1667520600
33,iracoubo,5.4802,-53.2011,298.67,90,67,3.33,GF,1667520600
34,guerrero negro,27.9769,-114.0611,292.02,61,12,10.89,MX,1667520601
35,waingapu,-9.6567,120.2641,302.07,65,99,1.78,ID,1667520601
36,warwick,41.7001,-71.4162,287.53,79,0,4.12,US,1667520601
37,tuatapere,-46.1333,167.6833,285.79,64,84,7.15,NZ,1667520602
38,havelock,34.8791,-76.9013,293.13,89,0,4.63,US,1667520371
39,arraial do cabo,-22.9661,-42.0278,293.14,62,100,5.99,BR,1667520602
40,upernavik,72.7868,-56.1549,268.81,55,97,4.43,GL,1667520603
41,amahai,-3.3333,128.9167,302.32,70,100,1.17,ID,1667520603
42,thompson,55.7435,-97.8558,265.24,86,100,5.66,CA,1667520553
43,new norfolk,-42.7826,147.0587,289.77,49,27,1.34,AU,1667520604
44,port keats,-14.25,129.55,304.51,52,62,2.99,AU,1667520508
45,albany,42.6001,-73.9662,288.51,66,0,1.6,US,1667520605
46,olinda,-8.0089,-34.8553,300.0,74,75,2.57,BR,1667520606
47,hithadhoo,-0.6,73.0833,300.19,77,68,5.77,MV,1667520606
48,tefe,-3.3542,-64.7114,297.57,76,99,1.01,BR,1667520607
49,jamestown,42.097,-79.2353,288.95,75,0,3.6,US,1667520327
50,andenes,69.3143,16.1194,280.33,87,75,3.6,NO,1667520608
51,fort nelson,58.8053,-122.7002,263.7,93,56,1.01,CA,1667520423
52,kaitangata,-46.2817,169.8464,286.74,64,62,6.59,NZ,1667520609
53,yellowknife,62.456,-114.3525,266.89,76,100,7.73,CA,1667520534
54,port elizabeth,-33.918,25.5701,292.65,90,77,5.13,ZA,1667520609
55,codrington,-38.2667,141.9667,287.16,72,95,1.93,AU,1667520609
56,hilo,19.7297,-155.09,296.62,94,100,4.12,US,1667520552
57,lively,46.4334,-81.1498,284.83,91,99,3.78,CA,1667520610
58,constitucion,-35.3333,-72.4167,283.47,91,37,0.95,CL,1667520356
59,talnakh,69.4865,88.3972,264.38,95,100,3.69,RU,1667520611
60,nizhnevartovsk,60.9344,76.5531,272.16,100,75,2.0,RU,1667520611
61,takoradi,4.8845,-1.7554,298.93,86,92,3.31,GH,1667520531
62,basoko,1.2391,23.616,294.91,95,100,0.43,CD,1667520612
63,vestmannaeyjar,63.4427,-20.2734,277.92,75,0,8.54,IS,1667520612
64,bluff,-46.6,168.3333,284.88,69,68,15.85,NZ,1667520612
65,saldanha,-33.0117,17.9442,289.42,95,9,2.92,ZA,1667520613
66,carnarvon,-24.8667,113.6333,295.25,69,0,8.0,AU,1667520613
67,barrow,71.2906,-156.7887,261.16,85,100,3.09,US,1667520613
68,barcelos,41.5388,-8.6151,285.29,88,69,1.95,PT,1667520614
69,pevek,69.7008,170.3133,247.17,98,40,2.18,RU,1667520614
70,norman wells,65.282,-126.8329,257.53,92,100,3.95,CA,1667520615
71,soyo,-6.1349,12.3689,297.66,91,96,2.44,AO,1667520615
72,chuy,-33.6971,-53.4616,285.76,77,0,3.75,UY,1667520616
73,saint-louis,16.3333,-15.0,301.51,12,0,3.88,SN,1667520616
74,kathu,7.9178,98.3332,302.42,83,92,3.5,TH,1667520617
75,ahipara,-35.1667,173.1667,292.31,64,64,3.39,NZ,1667520617
76,usinsk,65.9939,57.5281,260.12,80,4,3.06,RU,1667520617
77,vila do maio,15.1333,-23.2167,299.59,73,100,5.56,CV,1667520618
78,bud,39.447,-86.1758,291.86,72,8,3.25,US,1667520618
79,ushuaia,-54.8,-68.3,285.96,67,20,1.54,AR,1667520502
80,kutum,14.2,24.6667,289.16,23,88,3.25,SD,1667520619
81,ruteng,-8.6136,120.4721,295.07,78,91,0.7,ID,1667520619
82,murchison,-41.8,172.3333,288.28,64,90,2.85,NZ,1667520620
83,lata,40.1629,-8.3327,286.44,96,75,0.45,PT,1667520620
84,marawi,7.9986,124.2928,297.75,79,68,0.18,PH,1667520621
85,vardo,70.3705,31.1107,277.14,87,100,12.35,NO,1667520621
86,mount isa,-20.7333,139.5,299.02,17,0,7.2,AU,1667520621
87,katobu,-4.9408,122.5276,302.35,68,90,1.03,ID,1667520622
88,olafsvik,64.8945,-23.7142,277.84,91,57,6.26,IS,1667520622
89,totskoye,52.5248,52.7623,265.19,98,55,2.03,RU,1667520623
90,patiya,22.2931,91.9762,293.71,87,100,1.61,BD,1667520623
91,raudeberg,61.9875,5.1352,283.63,70,100,7.07,NO,1667520623
92,castro,-24.7911,-50.0119,281.93,92,42,2.61,BR,1667520624
93,rikitea,-23.1203,-134.9692,294.3,68,100,7.03,PF,1667520624
94,havre-saint-pierre,50.2334,-63.5986,276.82,74,80,3.58,CA,1667520459
95,pansoy,13.1825,122.5989,299.91,78,60,3.42,PH,1667520625
96,portland,45.5234,-122.6762,282.64,83,100,3.58,US,1667520189
97,singaparna,-7.3515,108.111,296.11,92,100,0.98,ID,1667520625
98,tolmachevo,54.9824,82.7363,270.14,93,40,2.0,RU,1667520626
99,port alfred,-33.5906,26.891,293.45,79,95,8.73,ZA,1667520626
100,harper,4.375,-7.7169,298.56,88,100,3.17,LR,1667520627
101,hay river,60.8156,-115.7999,267.55,76,100,4.5,CA,1667520627
102,remetea,46.7833,25.45,276.24,88,18,1.24,RO,1667520627
103,east london,-33.0153,27.9116,293.19,80,97,6.36,ZA,1667520557
104,songea,-10.6833,35.65,290.21,65,23,1.92,TZ,1667520628
105,mabaruma,8.2,-59.7833,296.23,96,87,1.24,GY,1667520628
106,saint-philippe,-21.3585,55.7679,293.92,79,89,4.62,RE,1667520629
107,kisanga,-7.4362,37.7034,294.22,76,11,1.59,TZ,1667520629
108,hitachi,36.6,140.65,288.53,72,100,7.49,JP,1667520630
109,biak,-0.9131,122.8766,300.37,76,94,0.58,ID,1667520630
110,krasnoselkup,65.7,82.4667,256.44,88,12,3.11,RU,1667520630
111,liverpool,53.4106,-2.9779,280.12,90,0,2.57,GB,1667520631
112,tromso,69.6496,18.957,279.47,81,75,6.69,NO,1667520631
113,nikolskoye,59.7035,30.7861,274.09,87,86,1.14,RU,1667520631
114,fortuna,40.5982,-124.1573,284.78,73,20,3.6,US,1667520632
115,gasa,31.5,34.4667,293.73,66,0,1.96,PS,1667520632
116,bilibino,68.0546,166.4372,246.24,92,4,1.71,RU,1667520632
117,lagoa,39.05,-27.9833,292.62,89,1,5.82,PT,1667520633
118,umm lajj,25.0213,37.2685,296.7,57,22,3.0,SA,1667520633
119,paamiut,61.994,-49.6678,275.68,85,100,0.84,GL,1667520634
120,ahome,25.9167,-109.1833,299.12,58,3,4.03,MX,1667520634
121,muros,42.7762,-9.0603,282.97,94,84,1.27,ES,1667520634
122,grand-santi,4.25,-54.3833,295.93,99,95,0.74,GF,1667520635
123,severo-kurilsk,50.6789,156.125,280.0,95,100,4.42,RU,1667520539
124,merauke,-8.4667,140.3333,302.57,68,97,2.79,ID,1667520636
125,ayagoz,47.9714,80.4392,276.66,67,67,2.89,KZ,1667520636
126,bethanien,-26.502,17.1583,287.21,35,16,2.77,NA,1667520636
127,megion,61.0296,76.1136,272.16,91,88,2.65,RU,1667520637
128,komsomolets,53.7453,62.0708,272.1,97,100,1.43,KZ,1667520637
129,lebu,-37.6167,-73.65,285.0,91,67,1.46,CL,1667520637
130,bengkulu,-3.8004,102.2655,298.15,87,100,2.33,ID,1667520398
131,cutro,39.0353,16.9819,288.89,48,0,2.16,IT,1667520638
132,sindor,62.8629,51.8905,267.5,90,46,2.06,RU,1667520638
133,bambous virieux,-20.3428,57.7575,296.6,79,55,3.11,MU,1667520639
134,longyearbyen,78.2186,15.6401,272.06,86,0,1.54,SJ,1667520639
135,bredasdorp,-34.5322,20.0403,290.66,97,100,5.95,ZA,1667520639
136,atuona,-9.8,-139.0333,298.45,79,19,5.65,PF,1667520640
137,mecca,21.4267,39.8261,296.51,51,1,2.06,SA,1667520414
138,hobart,-42.8794,147.3294,289.96,54,20,2.57,AU,1667520529
139,butaritari,3.0707,172.7902,299.97,71,65,5.98,KI,1667520640
140,kaeo,-35.1,173.7833,295.0,70,86,3.74,NZ,1667520641
141,aginskoye,51.1,114.53,268.06,58,83,5.18,RU,1667520641
142,stryn,61.9045,6.7226,285.64,86,100,2.35,NO,1667520641
143,acari,-15.4311,-74.6158,293.61,67,65,1.79,PE,1667520642
144,aranos,-24.1333,19.1167,294.52,14,42,5.2,NA,1667520642
145,kodiak,57.79,-152.4072,276.88,48,0,9.77,US,1667520642
146,rawson,-43.3002,-65.1023,293.97,31,0,10.86,AR,1667520643
147,arman,59.7,150.1667,270.94,92,100,4.34,RU,1667520479
148,khatanga,71.9667,102.5,254.01,98,99,2.93,RU,1667520643
149,oriximina,-1.7656,-55.8661,298.44,78,100,2.11,BR,1667520644
150,beisfjord,68.3751,17.5988,279.29,92,97,2.65,NO,1667520644
151,marzuq,14.4,46.4667,292.03,70,0,1.0,YE,1667520644
152,mahebourg,-20.4081,57.7,296.62,80,52,3.29,MU,1667520498
153,fare,-16.7,-151.0167,298.17,78,100,10.83,PF,1667520645
154,tasiilaq,65.6145,-37.6368,273.24,95,100,5.27,GL,1667520645
155,korla,41.7597,86.1469,280.28,47,52,4.08,CN,1667520646
156,atambua,-9.1061,124.8925,300.94,70,100,0.39,ID,1667520646
157,hirna,9.2167,41.1,288.2,57,33,1.46,ET,1667520647
158,dauphin,51.1494,-100.0502,271.6,49,63,5.55,CA,1667520647
159,torbay,47.6666,-52.7314,276.35,62,83,3.13,CA,1667520647
160,nanortalik,60.1432,-45.2371,276.94,78,100,12.81,GL,1667520648
161,egvekinot,66.3167,-179.1667,257.21,81,98,1.68,RU,1667520648
162,te anau,-45.4167,167.7167,284.25,70,98,4.93,NZ,1667520648
163,souillac,-20.5167,57.5167,295.17,83,45,3.27,MU,1667520649
164,ilulissat,69.2167,-51.1,271.16,54,75,5.66,GL,1667520649
165,domoni,-12.2569,44.5319,297.0,88,8,3.43,KM,1667520649
166,mapiripan,2.8892,-72.1256,293.49,85,99,2.12,CO,1667520650
167,pangody,65.85,74.4859,259.73,88,19,2.97,RU,1667520650
168,grindavik,63.8424,-22.4338,274.41,93,0,3.09,IS,1667520650
169,tessalit,20.1986,1.0114,295.46,19,0,5.19,ML,1667520651
170,laguna,38.421,-121.4238,290.31,35,0,5.14,US,1667520651
171,caravelas,-17.7125,-39.2481,293.63,90,100,8.85,BR,1667520652
172,shingu,33.7333,135.9833,292.57,63,93,1.66,JP,1667520652
173,marumori,37.9167,140.7667,285.32,68,100,2.41,JP,1667520652
174,lorengau,-2.0226,147.2712,303.35,64,50,0.59,PG,1667520653
175,angoche,-16.2325,39.9086,297.74,86,75,1.49,MZ,1667520653
176,galegos,41.5627,-8.572,285.01,90,73,1.84,PT,1667520653
177,cabo san lucas,22.8909,-109.9124,300.71,75,20,3.09,MX,1667520654
178,kapaa,22.0752,-159.319,301.33,75,20,7.72,US,1667520654
179,boke,10.9409,-14.2967,297.27,88,99,0.81,GN,1667520655
180,chesma,53.8111,60.6533,271.31,97,100,2.0,RU,1667520656
181,khartoum,15.5518,32.5324,298.16,21,3,0.45,SD,1667520469
182,sao joao do piaui,-8.3581,-42.2467,296.86,83,100,1.29,BR,1667520656
183,adrar,20.5022,-10.0711,295.91,12,0,4.61,MR,1667520657
184,pirovskoye,57.6267,92.2658,273.87,93,100,3.55,RU,1667520657
185,alamosa,37.4695,-105.87,276.14,65,0,6.17,US,1667520657
186,kushmurun,52.4503,64.6311,274.16,99,100,4.18,KZ,1667520658
187,najran,17.4924,44.1277,291.46,34,8,0.34,SA,1667520659
188,the pas,53.8251,-101.2541,268.16,80,40,7.72,CA,1667520659
189,tautira,-17.7333,-149.15,297.1,83,87,9.1,PF,1667520659
190,tarakan,3.3,117.6333,298.87,94,75,1.03,ID,1667520660
191,haines junction,60.7522,-137.5108,269.26,94,100,1.73,CA,1667520660
192,quatre cocos,-20.2078,57.7625,296.53,80,52,2.97,MU,1667520661
193,port hawkesbury,45.6169,-61.3485,282.61,47,19,4.02,CA,1667520440
194,ust-nera,64.5667,143.2,252.76,95,93,1.05,RU,1667520661
195,moranbah,-22.0016,148.0466,296.87,30,0,7.16,AU,1667520661
196,port lincoln,-34.7333,135.8667,288.16,63,16,4.56,AU,1667520662
197,maceio,-9.6658,-35.7353,298.79,82,51,6.11,BR,1667520418
198,nawa,27.0167,75.0,295.59,36,0,3.01,IN,1667520496
199,djenne,13.9061,-4.5533,298.62,14,0,3.47,ML,1667520663
200,cape town,-33.9258,18.4232,292.54,86,19,6.26,ZA,1667520474
201,bulgan,48.8125,103.5347,267.18,70,48,1.5,MN,1667520664
202,vigrestad,58.5667,5.7,281.46,92,100,5.82,NO,1667520664
203,iberia,29.9502,-91.7507,298.19,68,0,2.57,US,1667520634
204,fenoarivo atsinanana,-17.3667,49.4167,294.18,82,68,1.53,MG,1667520664
205,hami,42.8,93.45,278.09,38,47,0.66,CN,1667520665
206,do gonbadan,30.3586,50.7981,290.7,68,21,1.05,IR,1667520665
207,pizarro,4.9533,-77.366,298.11,89,100,2.34,CO,1667520666
208,bathsheba,13.2167,-59.5167,301.49,78,20,6.17,BB,1667520666
209,ada,43.4166,-116.1262,278.34,52,0,4.63,US,1667520667
210,cap-aux-meules,47.3821,-61.8597,283.25,65,59,11.56,CA,1667520667
211,abomsa,9.9833,39.9833,292.64,45,6,2.01,ET,1667520667
212,singarayakonda,15.25,80.0333,297.2,89,28,2.73,IN,1667520668
213,husavik,66.0449,-17.3389,277.11,99,100,4.74,IS,1667520668
214,pisco,-13.7,-76.2167,290.18,82,75,6.69,PE,1667520414
215,alice springs,-23.7,133.8833,293.9,26,0,7.2,AU,1667520669
216,gazli,40.1333,63.45,285.35,74,3,2.5,UZ,1667520669
217,atasu,48.6814,71.6433,275.26,71,89,3.85,KZ,1667520670
218,nome,64.5011,-165.4064,268.19,80,75,3.09,US,1667520670
219,kemijarvi,66.7131,27.4306,275.8,98,100,2.91,FI,1667520670
220,copacabana,6.3463,-75.5089,293.39,98,100,0.44,CO,1667520671
221,lodja,-3.4833,23.4333,293.32,95,91,0.71,CD,1667520671
222,riyadh,24.6877,46.7219,293.23,75,61,4.56,SA,1667520671
223,falmouth,50.1544,-5.0711,284.65,81,100,11.32,GB,1667520672
224,saint anthony,45.0205,-93.218,291.29,76,100,6.69,US,1667520672
225,sinnamary,5.3833,-52.95,298.86,89,63,3.16,GF,1667520673
226,baykit,61.67,96.37,259.88,98,99,0.59,RU,1667520673
227,gamba,-2.65,10.0,296.13,89,100,1.1,GA,1667520674
228,grandview,38.8858,-94.533,296.01,64,0,6.69,US,1667520674
229,makakilo city,21.3469,-158.0858,301.73,63,40,6.69,US,1667520675
230,dicabisagan,17.0818,122.4157,300.79,76,29,1.01,PH,1667520675
231,kambove,-10.8764,26.5969,290.73,89,100,1.36,CD,1667520431
232,azusa,34.1336,-117.9076,291.52,33,20,3.6,US,1667520596
233,aksay,47.26,39.87,281.62,48,100,3.58,RU,1667520577
234,roebourne,-20.7833,117.1333,302.71,22,0,5.57,AU,1667520676
235,tilichiki,60.4667,166.1,264.83,97,100,4.02,RU,1667520547
236,gitega,-3.5,29.95,288.57,92,100,1.21,BI,1667520676
237,gat,31.61,34.7642,291.38,71,0,1.6,IL,1667520615
238,dongying,37.4564,118.4856,279.96,59,19,2.51,CN,1667520677
239,fort-shevchenko,44.5086,50.263,281.44,65,31,7.44,KZ,1667520677
240,hualmay,-11.0964,-77.6139,290.77,81,8,3.51,PE,1667520677
241,cherskiy,68.75,161.3,245.25,92,9,2.4,RU,1667520678
242,ponta do sol,32.6667,-17.1,295.21,86,74,0.8,PT,1667520678
243,horodnya,51.8909,31.5974,278.81,91,98,0.67,UA,1667520679
244,moyale,3.5167,39.0584,292.16,80,100,2.01,KE,1667520679
245,dukat,62.55,155.55,256.06,97,99,0.8,RU,1667520679
246,belle fourche,44.6714,-103.8522,275.0,47,100,3.12,US,1667520680
247,palmas de monte alto,-14.2672,-43.1619,292.89,76,100,3.93,BR,1667520680
248,innisfail,-17.5333,146.0333,299.16,71,84,4.48,AU,1667520681
249,padang,-0.9492,100.3543,296.18,84,100,1.5,ID,1667520681
250,lasa,46.6166,10.7002,281.13,99,100,2.47,IT,1667520682
251,talcahuano,-36.7167,-73.1167,284.97,82,100,2.57,CL,1667520518
252,kisangani,0.5167,25.2,293.35,98,100,0.4,CD,1667520683
253,pedro ii,-4.4247,-41.4586,297.02,69,81,3.23,BR,1667520683
254,sobolevo,54.4299,31.8996,277.72,92,100,1.35,RU,1667520683
255,conde,-7.2597,-34.9075,298.85,78,20,4.63,BR,1667520684
256,cap malheureux,-19.9842,57.6142,296.74,74,27,2.68,MU,1667520684
257,tiksi,71.6872,128.8694,253.39,98,88,3.11,RU,1667520685
258,victoria,22.2855,114.1577,296.62,92,87,3.13,HK,1667520486
259,pangnirtung,66.1451,-65.7125,260.78,88,86,5.46,CA,1667520685
260,mehtar lam,34.6714,70.2094,292.05,45,99,0.99,AF,1667520686
261,kavieng,-2.5744,150.7967,302.63,66,88,0.2,PG,1667520686
262,shelburne,44.0787,-80.2041,285.15,91,38,4.93,CA,1667520682
263,acapulco,16.8634,-99.8901,301.05,78,0,5.66,MX,1667520478
264,nortelandia,-14.4547,-56.8028,293.45,53,6,1.11,BR,1667520687
265,kavaratti,10.5669,72.642,300.6,74,73,2.38,IN,1667520687
266,geraldton,-28.7667,114.6,292.38,88,40,3.6,AU,1667520687
267,chokurdakh,70.6333,147.9167,247.38,95,98,1.45,RU,1667520688
268,xique-xique,-10.8218,-42.7263,296.52,84,100,6.02,BR,1667520688
269,dudinka,69.4058,86.1778,264.61,89,100,8.03,RU,1667520688
270,port hardy,50.6996,-127.4199,277.42,97,100,11.59,CA,1667520689
271,bethel,41.3712,-73.414,287.24,76,0,0.0,US,1667520689
272,sandwick,60.0,-1.25,283.05,71,100,6.69,GB,1667520690
273,lamont,35.2597,-118.9143,287.59,51,96,2.5,US,1667520690
274,srednekolymsk,67.45,153.6833,245.72,93,69,1.38,RU,1667520395
275,emerald,-23.5333,148.1667,295.56,39,0,4.42,AU,1667520691
276,ambilobe,-13.2,49.05,293.39,89,10,2.06,MG,1667520691
277,lompoc,34.6391,-120.4579,290.84,63,0,8.75,US,1667520692
278,ust-tsilma,65.441,52.1498,261.16,96,51,0.6,RU,1667520692
279,alberton,46.8168,-64.0654,282.65,60,43,9.11,CA,1667520692
280,auras,26.9167,80.5167,292.12,61,0,0.73,IN,1667520693
281,gubskaya,44.3164,40.6358,280.78,98,93,0.31,RU,1667520693
282,beloha,-25.1667,45.05,290.65,85,44,2.93,MG,1667520694
283,liberty,31.8335,-81.5004,293.14,83,0,2.06,US,1667520405
284,kostyantynivka,48.5277,37.7069,279.38,92,100,0.98,UA,1667520695
285,luganville,-15.5333,167.1667,301.95,66,8,3.16,VU,1667520695
286,aleksandrovsk-sakhalinskiy,50.8975,142.1561,273.31,88,100,10.13,RU,1667520695
287,taman,45.2117,36.7161,284.83,65,83,4.95,RU,1667520696
288,monkey bay,-14.0728,34.9201,300.27,60,51,4.65,MW,1667520696
289,khorinsk,52.1657,109.7726,265.36,72,91,1.85,RU,1667520697
290,jega,12.2175,4.3792,299.72,26,95,3.81,NG,1667520697
291,vao,-22.6667,167.4833,297.41,82,8,5.1,NC,1667520697
292,mogadishu,2.0371,45.3438,298.33,81,56,2.85,SO,1667520698
293,hobyo,5.3505,48.5268,299.51,71,9,2.74,SO,1667520627
294,clyde river,70.4692,-68.5914,266.28,93,100,8.75,CA,1667520698
295,clearwater,27.9659,-82.8001,300.33,74,0,5.66,US,1667520698
296,san andres,12.5847,-81.7006,300.16,83,75,2.06,CO,1667520699
297,ocampo,21.65,-101.5,293.14,36,20,2.98,MX,1667520699
298,san patricio,28.017,-97.5169,300.07,81,26,6.33,US,1667520480
299,doka,13.5167,35.7667,298.13,41,1,1.0,SD,1667520618
300,tigil,57.8,158.6667,271.2,90,96,1.68,RU,1667520700
301,isangel,-19.55,169.2667,301.33,68,4,3.36,VU,1667520700
302,bahia blanca,-38.7196,-62.2724,293.43,36,0,4.33,AR,1667520563
303,semnan,35.5729,53.3971,284.89,52,19,2.87,IR,1667520701
304,praia,14.9215,-23.5087,299.45,65,0,6.17,CV,1667520701
305,terney,45.0503,136.6092,272.39,43,17,4.38,RU,1667520702
306,shimoda,34.6667,138.95,291.54,54,78,9.33,JP,1667520702
307,znamenskoye,57.1281,73.8282,274.11,98,98,3.39,RU,1667520702
308,rijeka,45.3431,14.4092,289.93,90,40,3.09,HR,1667520493
309,san cristobal,7.7669,-72.225,296.25,98,87,2.14,VE,1667520703
310,aksarka,66.5606,67.7975,257.8,92,5,0.91,RU,1667520703
311,esperance,-33.8667,121.9,294.22,49,87,9.51,AU,1667520704
312,smidovich,48.6,133.8167,269.4,53,0,5.15,RU,1667520704
313,college,64.8569,-147.8028,263.75,83,100,4.12,US,1667520704
314,mar del plata,-38.0023,-57.5575,287.09,85,0,7.15,AR,1667520458
315,luderitz,-26.6481,15.1594,287.7,91,0,1.26,NA,1667520623
316,cartagena,10.3997,-75.5144,300.94,78,75,2.06,CO,1667520705
317,hasaki,35.7333,140.8333,291.37,57,100,2.36,JP,1667520706
318,havoysund,70.9963,24.6622,278.28,91,99,4.86,NO,1667520706
319,ndioum,16.5129,-14.6471,301.89,11,0,4.27,SN,1667520707
320,aykhal,66.0,111.5,259.31,94,100,10.3,RU,1667520707
321,komsomolskiy,40.4272,71.7189,285.55,82,40,0.0,UZ,1667520707
322,gornozavodsk,58.3758,58.3211,267.56,97,86,1.5,RU,1667520708
323,iskateley,67.6803,53.1512,264.78,89,61,2.78,RU,1667520708
324,tecolutla,20.4833,-97.0167,300.07,80,84,3.12,MX,1667520708
325,lubao,14.9167,120.55,299.92,83,16,2.45,PH,1667520709
326,trujillo,-8.116,-79.03,289.13,88,39,5.66,PE,1667520505
327,kuito,-12.3833,16.9333,287.07,91,77,2.03,AO,1667520709
328,jinchang,38.4953,102.1739,276.18,42,0,3.06,CN,1667520658
329,gravdal,68.1214,13.5031,281.3,84,100,2.98,NO,1667520710
330,qui nhon,13.7667,109.2333,296.42,83,92,2.73,VN,1667520639
331,iqaluit,63.7506,-68.5145,255.7,90,13,3.73,CA,1667520710
332,vung tau,10.346,107.0843,299.01,82,84,6.51,VN,1667520711
333,puerto leguizamo,-0.1934,-74.7819,291.86,82,100,1.03,CO,1667520711
334,jacksonville,30.3322,-81.6556,295.4,79,20,5.14,US,1667520413
335,macusani,-14.0833,-70.4333,278.62,65,95,1.78,PE,1667520712
336,hutchinson,38.0608,-97.9298,294.12,68,0,7.72,US,1667520585
337,lillooet,50.6856,-121.942,276.55,89,100,1.93,CA,1667520712
338,pimentel,-6.8367,-79.9342,290.52,82,62,5.83,PE,1667520712
339,grand gaube,-20.0064,57.6608,296.69,74,30,2.68,MU,1667520713
340,wajima,37.4,136.9,283.29,83,100,5.23,JP,1667520713
341,griffith,41.5284,-87.4237,293.09,60,0,4.12,US,1667520714
342,falam,22.9167,93.6833,286.1,97,91,0.48,MM,1667520714
343,suntar,62.1444,117.6319,256.25,94,73,2.25,RU,1667520473
344,sao felix do xingu,-6.6447,-51.995,297.48,72,87,0.49,BR,1667520716
345,sechura,-5.5569,-80.8222,292.06,72,24,6.97,PE,1667520717
346,henties bay,-22.116,14.2845,287.24,89,0,1.79,NA,1667520717
347,half moon bay,37.4636,-122.4286,289.72,51,0,5.14,US,1667520717
348,galesong,-5.3166,119.3661,299.16,73,94,1.85,ID,1667520718
349,naze,28.3667,129.4833,293.97,69,61,6.74,JP,1667520718
350,cassilandia,-19.1133,-51.7342,291.96,64,100,4.83,BR,1667520718
351,pacific grove,36.6177,-121.9166,290.05,65,0,5.81,US,1667520719
352,alexandria,31.2156,29.9553,293.73,60,0,1.12,EG,1667520563
353,berberati,4.2612,15.7922,292.95,91,98,0.45,CF,1667520719
354,saint-georges,12.0564,-61.7485,299.08,80,96,4.89,GD,1667520720
355,ndele,8.4109,20.6473,294.6,40,96,1.37,CF,1667520720
356,cockburn town,21.4612,-71.1419,300.2,69,19,6.09,TC,1667520558
357,mehamn,71.0357,27.8492,280.12,76,100,8.75,NO,1667520721
358,trairi,-3.2778,-39.2689,299.22,78,28,4.46,BR,1667520592
359,salalah,17.0151,54.0924,299.2,73,75,1.54,OM,1667520721
360,lomza,53.1781,22.0593,278.22,91,3,3.36,PL,1667520722
361,oktyabrskoye,43.0645,44.7417,279.23,100,84,0.0,RU,1667520722
362,tsogni,-2.7942,10.0988,295.87,89,100,0.76,GA,1667520723
363,sundsvall,62.3913,17.3063,280.35,99,100,2.06,SE,1667520723
364,saint george,37.1041,-113.5841,283.12,51,75,4.02,US,1667520607
365,bumba,2.1833,22.4667,294.64,97,100,0.28,CD,1667520724
366,vestmanna,62.1564,-7.1664,279.66,100,100,5.14,FO,1667520725
367,cedar city,37.6775,-113.0619,271.69,86,100,6.69,US,1667520433
368,hambantota,6.1241,81.1185,298.28,83,100,3.28,LK,1667520725
369,salekhard,66.53,66.6019,257.12,92,5,0.51,RU,1667520726
370,vavoua,7.3819,-6.4778,295.13,87,100,1.52,CI,1667520726
371,ngunguru,-35.6167,174.5,292.07,67,65,4.65,NZ,1667520727
372,mpika,-11.8343,31.4529,291.43,48,43,2.16,ZM,1667520728
373,zenzeli,45.9241,47.0474,275.88,66,8,3.5,RU,1667520728
374,aswan,24.0934,32.907,292.53,37,36,4.11,EG,1667520729
375,los llanos de aridane,28.6585,-17.9182,293.01,62,75,3.6,ES,1667520729
376,ola,59.5833,151.2833,271.01,88,100,10.9,RU,1667520729
377,soltsy,58.1239,30.3238,275.8,82,92,1.23,RU,1667520730
378,oum hadjer,13.2954,19.6966,295.9,18,100,4.29,TD,1667520730
379,ibipeba,-11.6408,-42.0111,295.13,87,100,4.64,BR,1667520731
380,necochea,-38.5473,-58.7368,285.79,61,0,7.61,AR,1667520731
381,palmer,42.1584,-72.3287,286.93,81,1,2.24,US,1667520732
382,morehead,37.2711,-87.1764,290.92,73,0,0.0,US,1667520732
383,kloulklubed,7.0419,134.2556,301.93,70,79,1.75,PW,1667520732
384,sao filipe,14.8961,-24.4956,300.67,53,99,3.5,CV,1667520707
385,lagos,6.5833,3.75,297.92,93,84,1.38,NG,1667520034
386,bairiki,1.3292,172.9752,303.15,66,40,3.09,KI,1667520733
387,port blair,11.6667,92.75,298.82,74,76,2.47,IN,1667520734
388,paragominas,-2.9667,-47.4833,296.04,97,99,1.73,BR,1667520734
389,kendari,-3.945,122.4989,302.2,73,69,0.83,ID,1667520734
390,yulara,-25.2406,130.9889,294.95,24,0,7.71,AU,1667520735
391,namanyere,-7.5167,31.05,293.57,48,87,0.23,TZ,1667520624
392,chornukhy,50.2673,32.942,278.93,87,100,0.59,UA,1667520735
393,santa rosa,14.3122,121.1114,302.64,82,30,1.39,PH,1667520532
394,gazojak,41.1875,61.4036,285.19,47,45,4.23,TM,1667520736
395,tuyen quang,21.8233,105.2181,291.86,77,67,1.0,VN,1667520736
396,dno,57.8277,29.9637,274.81,88,92,1.04,RU,1667520737
397,thurso,58.5927,-3.5259,281.96,78,75,5.72,GB,1667520737
398,bara,10.3744,10.7288,298.25,25,97,4.07,NG,1667520601
399,kanniyakumari,8.0833,77.5667,298.79,82,86,1.76,IN,1667520738
400,kargasok,59.0556,80.8572,269.53,93,92,2.15,RU,1667520739
401,berlevag,70.8578,29.0864,280.15,81,75,12.86,NO,1667520739
402,paoua,7.2427,16.4406,294.04,65,100,1.25,CF,1667520739
403,pontianak,-0.0333,109.3333,297.14,88,40,2.06,ID,1667520740
404,borsec,46.95,25.5667,273.86,92,37,0.53,RO,1667520740
405,ayan,56.45,138.1667,268.2,67,100,7.85,RU,1667520741
406,filingue,14.3521,3.3168,301.0,22,37,3.49,NE,1667520741
407,klaksvik,62.2266,-6.589,280.66,92,100,7.8,FO,1667520742
408,buritizeiro,-17.3511,-44.9622,289.62,93,100,2.79,BR,1667520742
409,den helder,52.9599,4.7593,284.81,84,75,6.71,NL,1667520668
410,belyy yar,53.6039,91.3903,270.09,100,100,1.0,RU,1667520743
411,katherine,-14.4667,132.2667,300.33,61,90,4.63,AU,1667520744
412,oliveira do hospital,40.3618,-7.8601,284.94,93,97,0.72,PT,1667520744
413,ishigaki,24.3448,124.1572,298.13,84,100,11.63,JP,1667520745
414,carutapera,-1.195,-46.02,299.0,84,51,3.4,BR,1667520745
415,carndonagh,55.25,-7.2667,279.99,87,15,3.04,IE,1667520745
416,shahkot,31.0775,75.3372,293.27,44,42,1.19,IN,1667520551
417,kawalu,-7.3817,108.2082,296.35,92,100,0.6,ID,1667520746
418,yeppoon,-23.1333,150.7333,297.03,55,0,6.58,AU,1667520473
419,pierre,44.3683,-100.351,276.96,56,75,6.69,US,1667520746
420,dingle,10.9995,122.6711,300.74,85,79,3.28,PH,1667520747
421,esil,51.9556,66.4042,275.63,98,100,4.9,KZ,1667520747
422,kinablangan,7.6947,126.5503,301.04,79,85,0.79,PH,1667520748
423,westport,41.1415,-73.3579,288.05,80,0,2.57,US,1667520748
424,faanui,-16.4833,-151.75,298.11,82,96,9.39,PF,1667520749
425,coahuayana,18.7333,-103.6833,299.98,83,13,1.58,MX,1667520749
426,burnie,-41.0667,145.9167,287.56,55,1,2.13,AU,1667520749
427,los aquijes,-14.0967,-75.6908,294.35,57,5,1.63,PE,1667520750
428,romny,50.751,33.4747,278.27,92,100,2.68,UA,1667520750
429,agadez,19.75,10.25,292.08,25,0,4.26,NE,1667520750
430,arlit,18.7369,7.3853,296.33,22,1,4.19,NE,1667520751
431,dandong,40.1292,124.3947,274.44,32,0,2.46,CN,1667520557
432,cervo,43.6702,-7.4101,289.24,75,65,6.51,ES,1667520751
433,alofi,-19.0595,-169.9187,298.05,82,99,8.79,NU,1667520546
434,george,-33.963,22.4617,290.36,94,100,2.4,ZA,1667520752
435,turkistan,43.0,68.0,283.34,61,75,2.62,KZ,1667520752
436,nuevo progreso,23.1667,-97.95,298.65,64,70,0.89,MX,1667520753
437,jalu,29.0331,21.5482,290.56,63,88,3.69,LY,1667520753
438,naifaru,5.4444,73.3657,300.38,76,46,4.74,MV,1667520753
439,vradiyivka,47.862,30.5919,280.78,82,47,3.44,UA,1667520754
440,san jose de gracia,20.6667,-102.5833,293.14,48,4,1.84,MX,1667520754
441,kesan,40.8558,26.6303,284.95,91,20,2.02,TR,1667520755
442,yar-sale,66.8333,70.8333,257.61,94,5,1.45,RU,1667520755
443,inzer,54.2167,57.5556,270.29,90,71,0.62,RU,1667520756
444,ancud,-41.8697,-73.8203,284.5,93,14,2.45,CL,1667520756
445,atherton,53.5237,-2.4935,279.9,72,63,0.89,GB,1667520756
446,asfi,32.2994,-9.2372,291.39,81,40,5.47,MA,1667520757
447,rayagada,19.1667,83.4167,293.78,97,9,1.11,IN,1667520757
448,marsh harbour,26.5412,-77.0636,299.16,68,3,6.08,BS,1667520757
449,ashqelon,31.6693,34.5715,291.94,64,0,1.73,IL,1667520758
450,majene,-3.5403,118.9707,301.47,74,90,1.55,ID,1667520758
451,huarmey,-10.0681,-78.1522,291.02,81,8,2.96,PE,1667520759
452,krasnokamensk,50.0979,118.0369,265.1,76,80,2.41,RU,1667520759
453,nakamura,32.9833,132.9333,291.01,62,34,2.65,JP,1667520759
454,narsaq,60.9167,-46.05,278.27,57,100,8.16,GL,1667520760
455,bongandanga,1.5,21.05,293.57,99,99,0.18,CD,1667520761
456,sao jose da coroa grande,-8.8978,-35.1478,298.65,79,47,5.29,BR,1667520761
457,saint-joseph,-21.3667,55.6167,296.74,78,90,3.29,RE,1667520761
458,makat,47.6469,53.3463,274.52,79,85,4.5,KZ,1667520762
459,konosha,60.9736,40.257,268.31,95,35,1.45,RU,1667520762
460,san quintin,30.4833,-115.95,289.63,48,10,10.27,MX,1667520763
461,butajira,8.1167,38.3667,286.77,67,63,2.28,ET,1667520763
462,noshiro,40.2039,140.0242,278.61,55,96,4.74,JP,1667520763
463,the valley,18.217,-63.0578,301.07,72,33,5.57,AI,1667520764
464,bambanglipuro,-7.95,110.2833,299.57,86,97,3.61,ID,1667520764
465,tirumullaivasal,11.2333,79.8333,297.69,86,52,3.33,IN,1667520764
466,leh,34.1667,77.5833,272.35,52,9,0.66,IN,1667520765
467,yarmouth,41.7057,-70.2286,287.05,89,0,2.57,US,1667520765
468,puerto ayacucho,5.6639,-67.6236,295.99,86,93,2.04,VE,1667520765
469,maneadero,31.7167,-116.5667,288.76,65,15,3.13,MX,1667520766
470,chunskiy,56.0815,99.6342,268.64,95,100,0.79,RU,1667520766
471,havre,49.5833,0.3333,283.26,93,75,3.6,FR,1667520767
472,rio gallegos,-51.6226,-69.2181,290.18,48,0,1.54,AR,1667520767
473,belmonte,-15.8631,-38.8828,294.66,88,100,8.2,BR,1667520767
474,tallahassee,30.4383,-84.2807,295.19,68,0,2.36,US,1667520269
475,ulaanbaatar,47.9077,106.8832,262.79,84,40,0.72,MN,1667520768
476,lavrentiya,65.5833,-171.0,263.72,74,43,2.99,RU,1667520544
477,catamarca,-28.4696,-65.7852,296.52,19,10,8.11,AR,1667520581
478,flinders,-34.5833,150.8552,293.74,68,40,2.77,AU,1667520769
479,yarada,17.65,83.2667,298.33,94,40,1.03,IN,1667520769
480,paracatu,-17.2222,-46.8747,289.22,87,100,2.9,BR,1667520769
481,soe,-9.8607,124.284,297.46,70,100,1.04,ID,1667520770
482,tocopilla,-22.092,-70.1979,291.2,71,18,3.1,CL,1667520770
483,hervey bay,-25.2986,152.8535,294.55,60,41,6.54,AU,1667520771
484,zyryanka,65.75,150.85,248.92,90,19,2.24,RU,1667520771
485,bonthe,7.5264,-12.505,298.97,80,98,1.07,SL,1667520772
486,mandan,46.8267,-100.8896,274.14,63,100,5.66,US,1667520477
487,oistins,13.0667,-59.5333,301.2,78,20,6.17,BB,1667520772
488,poum,-20.2333,164.0167,299.52,75,4,3.86,NC,1667520773
489,winslow,35.0242,-110.6974,276.25,70,100,7.2,US,1667520773
490,broken hill,-31.95,141.4333,288.9,48,0,4.54,AU,1667520773
491,samarai,-10.6167,150.6667,301.97,72,49,3.34,PG,1667520774
492,port-gentil,-0.7193,8.7815,299.32,80,88,1.68,GA,1667520775
493,lishui,28.4604,119.9103,288.44,94,100,1.76,CN,1667520775
494,hovd,48.0056,91.6419,269.33,78,91,0.62,MN,1667520499
495,cotonou,6.3654,2.4183,300.03,83,40,4.28,BJ,1667520775
496,linjiang,41.8069,126.9078,271.21,34,0,1.11,CN,1667520624
497,jalalpur,32.6374,74.2183,291.45,82,100,0.0,PK,1667520776
498,dzaoudzi,-12.7887,45.2699,298.09,83,75,3.09,YT,1667520776
499,petropavlovsk-kamchatskiy,53.0452,158.6483,273.48,100,100,1.0,RU,1667520557
500,shubarkuduk,49.1447,56.4872,272.65,89,87,6.83,KZ,1667520777
501,bandarbeyla,9.4942,50.8122,298.03,76,6,0.69,SO,1667520778
502,kapit,2.0167,112.9333,296.44,99,100,0.61,MY,1667520562
503,mandalgovi,45.7625,106.2708,268.1,52,0,4.49,MN,1667520778
504,las lomas,8.4333,-82.4,297.91,91,100,2.23,PA,1667520779
505,nuuk,64.1835,-51.7216,272.49,69,75,2.06,GL,1667520672
506,amapa,1.0,-52.0,295.83,99,100,0.89,BR,1667520779
507,kisoro,-1.2854,29.685,287.46,99,100,1.34,UG,1667520780
508,zhezkazgan,47.8043,67.7144,279.39,46,100,5.84,KZ,1667520780
509,springbok,-29.6643,17.8865,283.92,90,0,1.27,ZA,1667520781
510,kamaishi,39.2667,141.8833,283.74,57,94,2.81,JP,1667520781
511,sao joao da barra,-21.6403,-41.0511,292.56,68,100,5.56,BR,1667520781
512,bobrov,51.0961,40.0333,273.11,83,38,1.17,RU,1667520782
513,ewa beach,21.3156,-158.0072,302.51,63,75,6.69,US,1667520783
514,tucumcari,35.1717,-103.725,293.06,21,0,8.75,US,1667520783
515,honningsvag,70.9821,25.9704,278.01,81,20,10.29,NO,1667520746
516,la ronge,55.1001,-105.2842,264.3,95,95,2.74,CA,1667520784
517,wembley,-31.9333,115.8,293.72,70,75,5.14,AU,1667520784
518,xining,36.6167,101.7667,274.25,82,16,0.61,CN,1667520784
519,leiyang,26.4024,112.8591,289.28,84,100,1.78,CN,1667520785
520,broome,42.2506,-75.833,286.26,65,0,0.45,US,1667520785
521,kimberley,-28.7323,24.7623,290.67,72,53,5.98,ZA,1667520785
522,ahmadpur sial,30.6754,71.7483,295.75,38,71,2.93,PK,1667520786
523,leon,21.1167,-101.6667,298.61,32,1,0.32,MX,1667520708
524,aden,12.7794,45.0367,299.55,74,2,5.34,YE,1667520786
525,sayat,38.7839,63.8803,287.87,76,99,2.52,TM,1667520787
526,vila franca do campo,37.7167,-25.4333,294.37,97,67,3.83,PT,1667520705
527,aleksandrov gay,50.147,48.5704,275.28,93,99,3.01,RU,1667520787
528,yuci,37.6803,112.7319,275.01,87,0,4.0,CN,1667520573
529,waipawa,-41.4122,175.5153,290.66,47,0,6.59,NZ,1667520788
530,yinchuan,38.4681,106.2731,279.3,43,41,2.35,CN,1667520788
531,tulagi,-9.0996,160.1476,301.29,74,67,3.99,SB,1667520789
532,simpang,-1.2667,104.0833,297.27,92,100,0.98,ID,1667520789
533,borovskoy,53.8,64.15,273.04,99,100,2.51,KZ,1667520789
534,atar,20.5169,-13.0499,297.89,12,0,2.77,MR,1667520790
535,ouesso,1.6136,16.0517,294.11,96,99,0.68,CG,1667520790
536,hirara,24.8,125.2833,296.3,94,75,8.23,JP,1667520791
537,kabansk,52.0486,106.6528,269.86,82,56,2.45,RU,1667520791
538,corinto,37.9407,22.9573,291.68,46,5,1.09,GR,1667520791
539,tura,25.5198,90.2201,290.58,93,2,1.71,IN,1667520792
540,petukhovo,55.0692,67.9019,272.94,95,99,4.45,RU,1667520792
541,whitley bay,55.0397,-1.4471,279.1,95,0,2.57,GB,1667520743
542,esfarayen,37.0765,57.5101,283.4,69,85,1.59,IR,1667520793
543,mbaiki,3.8678,17.9892,293.72,99,98,0.34,CF,1667520793
544,sayyan,15.1718,44.3244,284.33,45,2,0.54,YE,1667520794
545,sorland,67.667,12.6934,282.07,83,97,5.2,NO,1667520794
546,waitati,-45.75,170.5667,290.26,53,36,2.51,NZ,1667520795
547,ondjiva,-17.0667,15.7333,297.14,32,34,4.98,AO,1667520678
548,ossora,59.2353,163.0719,271.21,96,100,0.77,RU,1667520796
